{
  "version": 1,
  "author": "yasmin hossam",
  "editor": "wokwi",
  "parts": [
    { "type": "board-esp32-devkit-c-v4", "id": "esp", "top": -672, "left": 110.44, "attrs": {} },
    { "type": "wokwi-servo", "id": "servo1", "top": -376.4, "left": -153.6, "attrs": {} },
    {
      "type": "wokwi-lcd1602",
      "id": "lcd2",
      "top": -876.8,
      "left": 341.6,
      "attrs": { "pins": "i2c" }
    },
    { "type": "wokwi-potentiometer", "id": "pot1", "top": -625.3, "left": -163.4, "attrs": {} },
    {
      "type": "wokwi-pushbutton",
      "id": "btn1",
      "top": -272.2,
      "left": 278.4,
      "attrs": { "color": "red", "xray": "1" }
    },
    {
      "type": "wokwi-pushbutton",
      "id": "btn2",
      "top": -80.2,
      "left": 355.2,
      "attrs": { "color": "green", "xray": "1" }
    }
  ],
  "connections": [
    [ "esp:TX", "$serialMonitor:RX", "", [] ],
    [ "esp:RX", "$serialMonitor:TX", "", [] ],
    [ "servo1:GND", "esp:GND.1", "black", [ "h0" ] ],
    [ "servo1:PWM", "esp:18", "green", [ "h0" ] ],
    [ "servo1:V+", "esp:5V", "green", [ "h0" ] ],
    [ "lcd2:GND", "esp:GND.3", "black", [ "h0" ] ],
    [ "lcd2:VCC", "esp:5V", "red", [ "h0" ] ],
    [ "lcd2:SDA", "esp:21", "green", [ "h0" ] ],
    [ "lcd2:SCL", "esp:22", "green", [ "h0" ] ],
    [ "pot1:VCC", "esp:3V3", "red", [ "v0" ] ],
    [ "pot1:GND", "esp:GND.3", "black", [ "v0" ] ],
    [ "pot1:SIG", "esp:34", "green", [ "v0" ] ],
    [ "btn2:1.l", "esp:23", "green", [ "h0" ] ],
    [ "btn2:1.r", "esp:GND.3", "green", [ "v0" ] ],
    [ "btn1:1.l", "esp:19", "green", [ "h0" ] ],
    [ "btn1:1.r", "esp:GND.3", "green", [ "v0" ] ]
  ],
  "dependencies": {}
}